first_name,last_name,email,image_url,title,cell_phone,office_address_1,office_name,office_city,office_region,office_postal_code,office_country_code,office_latitude,office_longitude,office_image_url,team,owns_team,manager_email,hire_date,birth_date
Brandon,Lyon,brandon@acme.com,,Head of Cloud Engineering at Pinterest,(415) 234-23232,"1 Front Street, Suite 2700",San Francisco HQ,San Francisco,CA,94111,US,37.791876,-122.398781,,Enterprise Departments,False,emil@acme.com,2007-08-12,1979-05-11
Yvette,Leach,yvette@acme.com,,Helping to Execute the Future Vision,(415) 234-23232,"1 Front Street, Suite 2700",San Francisco HQ,San Francisco,CA,94111,US,37.791876,-122.398781,,People Insights,True,clarisse@acme.com,2013-03-10,1991-02-18
Jeff,Ransom,jeff@acme.com,,Technical Program Manager,(415) 234-23232,"1 Front Street, Suite 2700",San Francisco HQ,San Francisco,CA,94111,US,37.791876,-122.398781,,Client Accounting,False,aline@acme.com,2008-10-16,1977-10-21
Callixte,Nichols,callixte@acme.com,,Staff Software Engineer,(415) 234-23232,"1 Front Street, Suite 2700",San Francisco HQ,San Francisco,CA,94111,US,37.791876,-122.398781,,Consumer Success,False,dazméh@acme.com,2010-10-20,1972-03-08
Ben,Hering,ben@acme.com,,Director of Product Management,(415) 234-23232,"1 Front Street, Suite 2700",San Francisco HQ,San Francisco,CA,94111,US,37.791876,-122.398781,,Consumer Product,True,maz@acme.com,2009-03-06,1976-04-18
David,Jomoto,david@acme.com,,Lead Operations Engineer,(415) 234-23232,"1 Front Street, Suite 2700",San Francisco HQ,San Francisco,CA,94111,US,37.791876,-122.398781,,International Happiness,False,alan@acme.com,2013-03-09,1997-11-24
Michael,Dolce,michael@acme.com,,"Director of Product Management, Enterprise Products",(415) 234-23232,"1 Front Street, Suite 2700",San Francisco HQ,San Francisco,CA,94111,US,37.791876,-122.398781,,Growth Experience,False,margie@acme.com,2011-01-12,1983-09-02
Susheel,McBride,susheel@acme.com,,Senior Product Manager,(415) 234-23232,"1 Front Street, Suite 2700",San Francisco HQ,San Francisco,CA,94111,US,37.791876,-122.398781,,External Accounting,False,meng@acme.com,2013-10-08,1995-07-24
Casey,Watts,casey@acme.com,,Senior Software Engineer,(415) 234-23232,"1 Front Street, Suite 2700",San Francisco HQ,San Francisco,CA,94111,US,37.791876,-122.398781,,Optimizing Insights,False,phillip@acme.com,2010-02-16,1987-01-06
Tom,Simon,tom@acme.com,,Senior Software Engineer,(415) 234-23232,"1 Front Street, Suite 2700",San Francisco HQ,San Francisco,CA,94111,US,37.791876,-122.398781,,Vertical Happiness,False,jkimeria@acme.com,2013-03-13,1987-10-06
Karthik,Kelkar,karthik@acme.com,,Sr. Product Marketing Manager,(415) 234-23232,"1 Front Street, Suite 2700",San Francisco HQ,San Francisco,CA,94111,US,37.791876,-122.398781,,Optimizing Accounting,True,prashant@acme.com,2009-05-27,1993-05-09
Mikko,Graubner,mikko@acme.com,,Senior Software Engineer,(415) 234-23232,"1 Front Street, Suite 2700",San Francisco HQ,San Francisco,CA,94111,US,37.791876,-122.398781,,Saftey Saftey,False,raphael@acme.com,2011-04-13,1970-08-06
Marc,K.,marc@acme.com,,"Vice President, Sales Operations",(415) 234-23232,"1 Front Street, Suite 2700",San Francisco HQ,San Francisco,CA,94111,US,37.791876,-122.398781,,International Executives,False,shino@acme.com,2013-08-03,1970-06-10
William,G.,william@acme.com,,VP Business Development,(415) 234-23232,"1 Front Street, Suite 2700",San Francisco HQ,San Francisco,CA,94111,US,37.791876,-122.398781,,Vertical Human Resources,False,bill@acme.com,2014-10-03,1999-11-18
Mihai,Nappi,mihai@acme.com,,Sr. Director of Engineering,(415) 234-23232,"1 Front Street, Suite 2700",San Francisco HQ,San Francisco,CA,94111,US,37.791876,-122.398781,,Growth Recruiting,False,firas@acme.com,2011-11-07,1978-04-01
Alan,Chentir,alan@acme.com,,"Vice President, Enterprise & Platform",(415) 234-23232,"1 Front Street, Suite 2700",San Francisco HQ,San Francisco,CA,94111,US,37.791876,-122.398781,,International Happiness,True,shino@acme.com,2014-07-05,1997-02-07
Jonathan,Narusawa,jonathan@acme.com,,at,(415) 234-23232,"1 Front Street, Suite 2700",San Francisco HQ,San Francisco,CA,94111,US,37.791876,-122.398781,,Account Design,False,stuart@acme.com,2006-07-08,1985-04-21
Mandy,Piech,mandy@acme.com,,Senior DBA,(415) 234-23232,"1 Front Street, Suite 2700",San Francisco HQ,San Francisco,CA,94111,US,37.791876,-122.398781,,Consumer People,True,ben@acme.com,2012-01-27,1971-11-20
John,Schawalder,john@acme.com,,Consumer Engineering Manager,(415) 234-23232,"1 Front Street, Suite 2700",San Francisco HQ,San Francisco,CA,94111,US,37.791876,-122.398781,,Internal Strategy,False,amokrane@acme.com,2008-09-25,1970-08-16
Rob,Latta,rob@acme.com,,Advisor at PhilanthroPal,(415) 234-23232,"1 Front Street, Suite 2700",San Francisco HQ,San Francisco,CA,94111,US,37.791876,-122.398781,,Client Accounting,False,aline@acme.com,2012-08-01,1970-06-05
Igor,Tompkins,igor@acme.com,,Controller,(415) 234-23232,"1 Front Street, Suite 2700",San Francisco HQ,San Francisco,CA,94111,US,37.791876,-122.398781,,International Executives,False,shino@acme.com,2011-04-05,1985-05-26
Dana,Fisher,dana@acme.com,,Engineering Manager,(415) 234-23232,"1 Front Street, Suite 2700",San Francisco HQ,San Francisco,CA,94111,US,37.791876,-122.398781,,External Accounting,False,meng@acme.com,2007-08-11,1977-05-19
Chris,Elya,chris@acme.com,,Engineering Lead - Consumer Products,(415) 234-23232,"1 Front Street, Suite 2700",San Francisco HQ,San Francisco,CA,94111,US,37.791876,-122.398781,,Consumer Human Resources,False,as.@acme.com,2012-09-26,1990-02-25
Clement,Ishigai,clement@acme.com,,Partner at Greylock,(415) 234-23232,"1 Front Street, Suite 2700",San Francisco HQ,San Francisco,CA,94111,US,37.791876,-122.398781,,Vertical Human Resources,False,bill@acme.com,2006-10-09,1986-04-03
Amy,Rovner,amy@acme.com,,Strategic Business and Legal Advisor,(415) 234-23232,"1 Front Street, Suite 2700",San Francisco HQ,San Francisco,CA,94111,US,37.791876,-122.398781,,Growth Experience,False,margie@acme.com,2010-04-23,1975-10-21
Heinzel,Burns,heinzel@acme.com,,Staff Software Engineer,(415) 234-23232,"1 Front Street, Suite 2700",San Francisco HQ,San Francisco,CA,94111,US,37.791876,-122.398781,,International Marketing,False,richa@acme.com,2007-08-04,1998-07-07
Nicholas,West,nicholas@acme.com,,Head of Consumer Marketing,(415) 234-23232,"1 Front Street, Suite 2700",San Francisco HQ,San Francisco,CA,94111,US,37.791876,-122.398781,,Saftey People,True,clarisse@acme.com,2010-08-13,1971-09-20
Carolyn,Gray,carolyn@acme.com,,Data Hacker,(415) 234-23232,"1 Front Street, Suite 2700",San Francisco HQ,San Francisco,CA,94111,US,37.791876,-122.398781,,Enterprise Human Resources,True,tina@acme.com,2014-02-27,1981-09-24
Amit,Richardson,amit@acme.com,,Director of IT,(415) 234-23232,"1 Front Street, Suite 2700",San Francisco HQ,San Francisco,CA,94111,US,37.791876,-122.398781,,Saftey Strategy,False,jkuris@acme.com,2010-01-06,1981-04-12
Shino,Medsger,shino@acme.com,,"Global Technical Manager, MBA, PMP, Scrum Master",(415) 234-23232,"1 Front Street, Suite 2700",San Francisco HQ,San Francisco,CA,94111,US,37.791876,-122.398781,,International Executives,True,amokrane@acme.com,2006-06-15,1999-03-18
Prachi,Dinh,prachi@acme.com,,"Product Manager, Engineer, and Entrepreneur",(415) 234-23232,"1 Front Street, Suite 2700",San Francisco HQ,San Francisco,CA,94111,US,37.791876,-122.398781,,Internal Sales,True,mnguyen@acme.com,2014-03-22,1987-11-19
Emil,S.,emil@acme.com,,VP of Engineering,(415) 234-23232,"1 Front Street, Suite 2700",San Francisco HQ,San Francisco,CA,94111,US,37.791876,-122.398781,,Enterprise Departments,True,meng@acme.com,2014-05-06,1977-02-11
Dave,Golombek,dave@acme.com,,Senior Information Security Engineer,(415) 234-23232,"1 Front Street, Suite 2700",San Francisco HQ,San Francisco,CA,94111,US,37.791876,-122.398781,,Consumer Saftey,True,mnguyen@acme.com,2007-05-23,1990-04-09
Susan,Ramasubramanian,susan@acme.com,,"Director, Program Management",(415) 234-23232,"1 Front Street, Suite 2700",San Francisco HQ,San Francisco,CA,94111,US,37.791876,-122.398781,,Client Accounting,False,aline@acme.com,2013-10-03,1984-02-05
Pulu,Gustafson,pulu@acme.com,,Leading Product hiring,(415) 234-23232,"1 Front Street, Suite 2700",San Francisco HQ,San Francisco,CA,94111,US,37.791876,-122.398781,,Growth Support,True,jamie@acme.com,2008-08-02,1999-06-11
Nathan,Velez,nathan@acme.com,,Senior Operations Engineer,(415) 234-23232,"1 Front Street, Suite 2700",San Francisco HQ,San Francisco,CA,94111,US,37.791876,-122.398781,,Internal Accounting,False,dszomora@acme.com,2014-09-25,1972-11-23
Jamie,Fenton,jamie@acme.com,,Director of People Engagement,(415) 234-23232,"1 Front Street, Suite 2700",San Francisco HQ,San Francisco,CA,94111,US,37.791876,-122.398781,,Insights Saftey,True,mnguyen@acme.com,2009-07-05,1978-05-16
Emma,Hu,emma@acme.com,,the only way to predict the future is to invent it,(415) 234-23232,"1 Front Street, Suite 2700",San Francisco HQ,San Francisco,CA,94111,US,37.791876,-122.398781,,Enterprise Human Resources,False,carolyn@acme.com,2011-05-09,1977-03-06
Maz,K.,maz@acme.com,,CTO,(415) 234-23232,"1 Front Street, Suite 2700",San Francisco HQ,San Francisco,CA,94111,US,37.791876,-122.398781,,Engineering,True,mario@acme.com,2006-10-26,1972-11-21
James,D.,james@acme.com,,Technical Program Manager,(415) 234-23232,"1 Front Street, Suite 2700",San Francisco HQ,San Francisco,CA,94111,US,37.791876,-122.398781,,Enterprise Engineering,False,vishal@acme.com,2012-10-24,1992-10-13
Vishal,Vlad,vishal@acme.com,,Senior Communications Manager,(415) 234-23232,"1 Front Street, Suite 2700",San Francisco HQ,San Francisco,CA,94111,US,37.791876,-122.398781,,Enterprise Engineering,True,as.@acme.com,2012-06-08,1997-07-13
Mike,Shippee,mike@acme.com,,Director of Customer Support,(415) 234-23232,"1 Front Street, Suite 2700",San Francisco HQ,San Francisco,CA,94111,US,37.791876,-122.398781,,International Marketing,False,richa@acme.com,2009-03-02,1973-04-16
Andrew,Wygand,andrew@acme.com,,Member Board of Directors at Interana,(415) 234-23232,"1 Front Street, Suite 2700",San Francisco HQ,San Francisco,CA,94111,US,37.791876,-122.398781,,Consumer Success,False,dazméh@acme.com,2014-02-09,1974-08-20
Chris,Jahn,cjahn@acme.com,,VP WW Channel Development & Inside Sales,(415) 234-23232,"1 Front Street, Suite 2700",San Francisco HQ,San Francisco,CA,94111,US,37.791876,-122.398781,,Consumer Departments,False,anuj@acme.com,2008-09-24,1983-08-01
William,Huynh,whuynh@acme.com,,Senior Software Engineer,(415) 234-23232,"1 Front Street, Suite 2700",San Francisco HQ,San Francisco,CA,94111,US,37.791876,-122.398781,,Assitant Recruiting,True,ben@acme.com,2009-07-01,1999-07-19
Stephanie,Kota,stephanie@acme.com,,Early Engineer turned Product Manager,(415) 234-23232,"1 Front Street, Suite 2700",San Francisco HQ,San Francisco,CA,94111,US,37.791876,-122.398781,,Assitant Recruiting,False,whuynh@acme.com,2011-03-11,1984-07-22
Harsh,Yu,harsh@acme.com,,VP - Americas,(415) 234-23232,"1 Front Street, Suite 2700",San Francisco HQ,San Francisco,CA,94111,US,37.791876,-122.398781,,Consumer Departments,False,anuj@acme.com,2006-07-27,1985-01-13
Dave,Azméh,dazméh@acme.com,,Product Designer,(415) 234-23232,"1 Front Street, Suite 2700",San Francisco HQ,San Francisco,CA,94111,US,37.791876,-122.398781,,Consumer Success,True,ben@acme.com,2013-07-11,1988-02-25
Jenny,Koehler,jenny@acme.com,,IT Client Services Lead,(415) 234-23232,"1 Front Street, Suite 2700",San Francisco HQ,San Francisco,CA,94111,US,37.791876,-122.398781,,Saftey People,False,nicholas@acme.com,2013-11-24,1974-02-23
Cam,Koo,cam@acme.com,,"Software Engineer, Android",(415) 234-23232,"1 Front Street, Suite 2700",San Francisco HQ,San Francisco,CA,94111,US,37.791876,-122.398781,,People Insights,False,yvette@acme.com,2010-11-16,1998-11-06
John,Baggott,jbaggott@acme.com,,Hacking for good,(415) 234-23232,"1 Front Street, Suite 2700",San Francisco HQ,San Francisco,CA,94111,US,37.791876,-122.398781,,Consumer People,False,mandy@acme.com,2011-06-11,1971-10-19
Jim,Russell,jim@acme.com,,Investor at Andreessen Horowitz,(415) 234-23232,"1 Front Street, Suite 2700",San Francisco HQ,San Francisco,CA,94111,US,37.791876,-122.398781,,Internal Accounting,False,dszomora@acme.com,2006-11-04,1989-04-08
Derek,Srinivasan,derek@acme.com,,Operations Engineer,(415) 234-23232,"1 Front Street, Suite 2700",San Francisco HQ,San Francisco,CA,94111,US,37.791876,-122.398781,,Client Saftey,False,bhunter@acme.com,2014-07-25,1994-02-01
Lea,Doroudi,lea@acme.com,,IT Support,(415) 234-23232,"1 Front Street, Suite 2700",San Francisco HQ,San Francisco,CA,94111,US,37.791876,-122.398781,,Saftey People,False,nicholas@acme.com,2013-05-26,1979-10-26
Jesse,Mader-Clark,jesse@acme.com,,HR Operations,(415) 234-23232,"1 Front Street, Suite 2700",San Francisco HQ,San Francisco,CA,94111,US,37.791876,-122.398781,,Special Saftey,False,tmeder@acme.com,2014-11-19,1997-11-02
Ian,Ong,ian@acme.com,,Software Engineer,(415) 234-23232,"1 Front Street, Suite 2700",San Francisco HQ,San Francisco,CA,94111,US,37.791876,-122.398781,,Engineering,False,maz@acme.com,2014-03-07,1981-11-23
Matthew,"Ngo, MBA",matthew@acme.com,,Senior Data Analyst,(415) 234-23232,"1 Front Street, Suite 2700",San Francisco HQ,San Francisco,CA,94111,US,37.791876,-122.398781,,Optimizing Engineering,False,rachel@acme.com,2005-07-16,1989-02-12
John Addison,Kuris,jkuris@acme.com,,Technical Program Manager,(415) 234-23232,"1 Front Street, Suite 2700",San Francisco HQ,San Francisco,CA,94111,US,37.791876,-122.398781,,Saftey Strategy,True,tina@acme.com,2011-06-19,1977-07-20
Rebecca,Frenkel,rebecca@acme.com,,Senior Enterprise Product Marketing Manager,(415) 234-23232,"1 Front Street, Suite 2700",San Francisco HQ,San Francisco,CA,94111,US,37.791876,-122.398781,,Account Success,False,mmackinnon@acme.com,2008-07-12,1994-10-16
Eric,Zalasky,eric@acme.com,,Software Engineer,(415) 234-23232,"1 Front Street, Suite 2700",San Francisco HQ,San Francisco,CA,94111,US,37.791876,-122.398781,,Optimizing Accounting,False,karthik@acme.com,2012-03-14,1983-08-20
Daanish,Bovee,daanish@acme.com,,Senior Software Engineer,(415) 234-23232,"1 Front Street, Suite 2700",San Francisco HQ,San Francisco,CA,94111,US,37.791876,-122.398781,,Enterprise Engineering,False,vishal@acme.com,2006-06-04,1990-05-12
Bob,Shah,bob@acme.com,,Principal Technical Program Manager,(415) 234-23232,"1 Front Street, Suite 2700",San Francisco HQ,San Francisco,CA,94111,US,37.791876,-122.398781,,Consumer Saftey,False,dave@acme.com,2011-01-12,1981-03-11
Jeremy,Fortson,jeremy@acme.com,,Mobile & Software Engineering Leader,(415) 234-23232,"1 Front Street, Suite 2700",San Francisco HQ,San Francisco,CA,94111,US,37.791876,-122.398781,,Consumer Product,False,ben@acme.com,2014-01-13,1997-10-19
Rob,Feldman,rfeldman@acme.com,,Data Analyst,(415) 234-23232,"1 Front Street, Suite 2700",San Francisco HQ,San Francisco,CA,94111,US,37.791876,-122.398781,,Internal Accounting,False,dszomora@acme.com,2011-04-21,1991-05-16
Mika,Barnes,mika@acme.com,,Head of Design,(415) 234-23232,"1 Front Street, Suite 2700",San Francisco HQ,San Francisco,CA,94111,US,37.791876,-122.398781,,Vertical Experience,False,seth@acme.com,2009-11-17,1998-11-19
Jason,Osipov,jason@acme.com,,Sr. Technical Program Manager,(415) 234-23232,"1 Front Street, Suite 2700",San Francisco HQ,San Francisco,CA,94111,US,37.791876,-122.398781,,Saftey Insights,True,rbui@acme.com,2007-05-07,1998-02-22
jack,XIA,jack@acme.com,,VP of Finance,(415) 234-23232,"1 Front Street, Suite 2700",San Francisco HQ,San Francisco,CA,94111,US,37.791876,-122.398781,,Vertical Engineering,False,tina@acme.com,2014-05-10,1998-04-06
Jarred,Vij,jarred@acme.com,,Engineer,(415) 234-23232,"1 Front Street, Suite 2700",San Francisco HQ,San Francisco,CA,94111,US,37.791876,-122.398781,,International Happiness,False,alan@acme.com,2005-05-03,1998-02-05
Jack,Desai,jdesai@acme.com,,Experienced internet executive and engineer,(415) 234-23232,"1 Front Street, Suite 2700",San Francisco HQ,San Francisco,CA,94111,US,37.791876,-122.398781,,Enterprise Departments,False,emil@acme.com,2005-04-06,1997-11-23
Shaw,Zavislak,shaw@acme.com,,Web + Content Marketing,(415) 234-23232,"1 Front Street, Suite 2700",San Francisco HQ,San Francisco,CA,94111,US,37.791876,-122.398781,,Growth Recruiting,False,firas@acme.com,2008-06-06,1990-05-22
Robert,Patel,robert@acme.com,,Marketing Web + Email Developer,(415) 234-23232,"1 Front Street, Suite 2700",San Francisco HQ,San Francisco,CA,94111,US,37.791876,-122.398781,,Insights Saftey,False,jamie@acme.com,2006-01-14,1976-06-06
Ivy,Burton,ivy@acme.com,,"Product Manager, Channel Partners",(415) 234-23232,"1 Front Street, Suite 2700",San Francisco HQ,San Francisco,CA,94111,US,37.791876,-122.398781,,Operations Communications,False,rkawai@acme.com,2013-10-05,1989-03-13
Dirk,Cammer,dirk@acme.com,,Product Manager,(415) 234-23232,"1 Front Street, Suite 2700",San Francisco HQ,San Francisco,CA,94111,US,37.791876,-122.398781,,Special Saftey,False,tmeder@acme.com,2010-02-27,1989-04-26
Matt,Creegan,matt@acme.com,,Product Marketing,(415) 234-23232,"1 Front Street, Suite 2700",San Francisco HQ,San Francisco,CA,94111,US,37.791876,-122.398781,,Optimizing Insights,False,phillip@acme.com,2012-05-23,1976-09-19
Dima,Edwards,dima@acme.com,,Senior Software Engineer,(415) 234-23232,"1 Front Street, Suite 2700",San Francisco HQ,San Francisco,CA,94111,US,37.791876,-122.398781,,International People,False,jun@acme.com,2011-01-03,1976-11-08
Rob,Bui,rbui@acme.com,,Technical Recruiting Coordinator,(415) 234-23232,"1 Front Street, Suite 2700",San Francisco HQ,San Francisco,CA,94111,US,37.791876,-122.398781,,Growth Saftey,True,jeunee@acme.com,2005-05-27,1979-02-26
Minh-Quan,Matpadi,minh-quan@acme.com,,Senior Software Engineer,(415) 234-23232,"1 Front Street, Suite 2700",San Francisco HQ,San Francisco,CA,94111,US,37.791876,-122.398781,,Assitant People,True,rbui@acme.com,2013-01-15,1985-06-04
Matthew,Strazzere,mstrazzere@acme.com,,Engineering Manager,(415) 234-23232,"1 Front Street, Suite 2700",San Francisco HQ,San Francisco,CA,94111,US,37.791876,-122.398781,,Vertical Happiness,False,jkimeria@acme.com,2007-11-18,1991-10-07
Ron,Liu,ron@acme.com,,Sr. Automation Engineer,(415) 234-23232,"1 Front Street, Suite 2700",San Francisco HQ,San Francisco,CA,94111,US,37.791876,-122.398781,,Optimizing Design,True,prachi@acme.com,2012-02-20,1986-07-02
Mahesh,Sharifan,mahesh@acme.com,,Software Engineer,(415) 234-23232,"1 Front Street, Suite 2700",San Francisco HQ,San Francisco,CA,94111,US,37.791876,-122.398781,,Enterprise Human Resources,False,carolyn@acme.com,2006-02-26,1992-01-03
Tommy,Pant,tommy@acme.com,,Tech Recruiting for,(415) 234-23232,"1 Front Street, Suite 2700",San Francisco HQ,San Francisco,CA,94111,US,37.791876,-122.398781,,Consumer Product,False,ben@acme.com,2005-08-17,1974-07-12
Hiromi,Shoykhet,hiromi@acme.com,,Enabler-at-large,(415) 234-23232,"1 Front Street, Suite 2700",San Francisco HQ,San Francisco,CA,94111,US,37.791876,-122.398781,,Account Success,False,mmackinnon@acme.com,2008-10-24,1985-05-13
Raphael,Kelly,raphael@acme.com,,Hello,(415) 234-23232,"1 Front Street, Suite 2700",San Francisco HQ,San Francisco,CA,94111,US,37.791876,-122.398781,,Saftey Saftey,True,stuart@acme.com,2011-07-24,1995-01-25
Alex,Lou,alex@acme.com,,Software Engineer,(415) 234-23232,"1 Front Street, Suite 2700",San Francisco HQ,San Francisco,CA,94111,US,37.791876,-122.398781,,Insights Strategy,False,deepti@acme.com,2009-04-25,1986-10-09
Terese,Locke,terese@acme.com,,Big Data Analytics,(415) 234-23232,"1 Front Street, Suite 2700",San Francisco HQ,San Francisco,CA,94111,US,37.791876,-122.398781,,Internal Strategy,False,amokrane@acme.com,2013-03-09,1998-11-06
Matthew,McAlister,mmcalister@acme.com,,Operations,(415) 234-23232,"1 Front Street, Suite 2700",San Francisco HQ,San Francisco,CA,94111,US,37.791876,-122.398781,,Optimizing Engineering,False,rachel@acme.com,2012-09-25,1980-09-27
Manuel,Schneider,manuel@acme.com,,Senior Security Analyst,(415) 234-23232,"1 Front Street, Suite 2700",San Francisco HQ,San Francisco,CA,94111,US,37.791876,-122.398781,,Consumer Departments,False,anuj@acme.com,2011-07-06,1989-06-07
Ann,Xiao,ann@acme.com,,Software Engineer,(415) 234-23232,"1 Front Street, Suite 2700",San Francisco HQ,San Francisco,CA,94111,US,37.791876,-122.398781,,Consumer Human Resources,False,as.@acme.com,2012-05-11,1970-09-05
Sohan,Ross,sohan@acme.com,,Incoming Software Engineering Intern,(415) 234-23232,"1 Front Street, Suite 2700",San Francisco HQ,San Francisco,CA,94111,US,37.791876,-122.398781,,External Executives,False,jeunee@acme.com,2006-11-26,1983-06-11
Meng,Stevens,meng@acme.com,,"Principal Software Engineer, Team Lead",(415) 234-23232,"1 Front Street, Suite 2700",San Francisco HQ,San Francisco,CA,94111,US,37.791876,-122.398781,,External Accounting,True,jeunee@acme.com,2006-05-24,1993-04-17
Brandon,Schwartz,bschwartz@acme.com,,Senior Software Engineer,(415) 234-23232,"1 Front Street, Suite 2700",San Francisco HQ,San Francisco,CA,94111,US,37.791876,-122.398781,,Growth Support,False,pulu@acme.com,2007-01-01,1983-06-05
Alison,Sulit,alison@acme.com,,"Manager, Site Reliability Engineering",(415) 234-23232,"1 Front Street, Suite 2700",San Francisco HQ,San Francisco,CA,94111,US,37.791876,-122.398781,,External Executives,False,jeunee@acme.com,2010-07-14,1996-03-09
Sage,Parkinson,sage@acme.com,,"Senior Director, Enterprise Marketing",(415) 234-23232,"1 Front Street, Suite 2700",San Francisco HQ,San Francisco,CA,94111,US,37.791876,-122.398781,,Assitant People,False,minh-quan@acme.com,2005-01-14,1998-05-06
Dana,Ahmed,dahmed@acme.com,,"Musician, Software Engineer",(415) 234-23232,"1 Front Street, Suite 2700",San Francisco HQ,San Francisco,CA,94111,US,37.791876,-122.398781,,Vertical Human Resources,False,bill@acme.com,2014-05-22,1979-04-24
Ricardo,Potter,ricardo@acme.com,,"Director, Business Development",(415) 234-23232,"1 Front Street, Suite 2700",San Francisco HQ,San Francisco,CA,94111,US,37.791876,-122.398781,,People Insights,False,yvette@acme.com,2007-03-15,1990-10-22
Michael,Auluck,mauluck@acme.com,,Vice President of Channel Sales @,(415) 234-23232,"1 Front Street, Suite 2700",San Francisco HQ,San Francisco,CA,94111,US,37.791876,-122.398781,,Growth Experience,False,margie@acme.com,2006-01-14,1985-09-01
David,Yogev,dyogev@acme.com,,Principal Software Engineer,(415) 234-23232,"1 Front Street, Suite 2700",San Francisco HQ,San Francisco,CA,94111,US,37.791876,-122.398781,,Growth Saftey,False,rbui@acme.com,2007-09-07,1998-08-26
William,Jordan,wjordan@acme.com,,Principal Engineer / Team Lead,(415) 234-23232,"1 Front Street, Suite 2700",San Francisco HQ,San Francisco,CA,94111,US,37.791876,-122.398781,,Consumer Saftey,False,dave@acme.com,2012-07-06,1990-07-04
Kit,Grota,kit@acme.com,,Test Automation Engineer,(415) 234-23232,"1 Front Street, Suite 2700",San Francisco HQ,San Francisco,CA,94111,US,37.791876,-122.398781,,Optimizing Accounting,False,karthik@acme.com,2014-11-12,1970-11-04
Meagan,Tovar,meagan@acme.com,,"Software engineering, innovation and leadership",(415) 234-23232,"1 Front Street, Suite 2700",San Francisco HQ,San Francisco,CA,94111,US,37.791876,-122.398781,,International Human Resources,False,linda@acme.com,2006-08-07,1985-01-11
Meghan,DeVreker,meghan@acme.com,,QA Engineer Consultant,(415) 234-23232,"1 Front Street, Suite 2700",San Francisco HQ,San Francisco,CA,94111,US,37.791876,-122.398781,,International Happiness,False,alan@acme.com,2014-04-08,1972-11-16
Jason,Sullivan,jsullivan@acme.com,,Lead Product Designer,(415) 234-23232,"1 Front Street, Suite 2700",San Francisco HQ,San Francisco,CA,94111,US,37.791876,-122.398781,,Growth Saftey,False,rbui@acme.com,2005-11-20,1989-01-04
Rob,Osser,rosser@acme.com,,"Security, Mobile, and Network Software Engineering & Management Professional",(415) 234-23232,"1 Front Street, Suite 2700",San Francisco HQ,San Francisco,CA,94111,US,37.791876,-122.398781,,Account Design,False,stuart@acme.com,2012-08-12,1972-11-13
Nitin,Ranadive,nitin@acme.com,,Senior Site Reliability Engineer,(415) 234-23232,"1 Front Street, Suite 2700",San Francisco HQ,San Francisco,CA,94111,US,37.791876,-122.398781,,International People,False,jun@acme.com,2006-05-27,1971-08-25
Kevin,Rohatgi,kevin@acme.com,,Principal Engineer,(415) 234-23232,"1 Front Street, Suite 2700",San Francisco HQ,San Francisco,CA,94111,US,37.791876,-122.398781,,Enterprise Human Resources,False,carolyn@acme.com,2008-01-11,1987-07-16
Deepti,Torres,deepti@acme.com,,Senior Software Engineer,(415) 234-23232,"1 Front Street, Suite 2700",San Francisco HQ,San Francisco,CA,94111,US,37.791876,-122.398781,,Insights Strategy,True,yvette@acme.com,2005-08-17,1998-09-02
Gregory,Wong,gregory@acme.com,,Talent,(415) 234-23232,"1 Front Street, Suite 2700",San Francisco HQ,San Francisco,CA,94111,US,37.791876,-122.398781,,International People,False,jun@acme.com,2011-08-24,1979-02-10
Francis,Santy,francis@acme.com,,Enterprise Security Product Management,(415) 234-23232,"1 Front Street, Suite 2700",San Francisco HQ,San Francisco,CA,94111,US,37.791876,-122.398781,,Vertical Experience,False,seth@acme.com,2005-01-10,1974-06-21
Tim,Taranchenko,tim@acme.com,,Principal Technical Program Manager,(415) 234-23232,"1 Front Street, Suite 2700",San Francisco HQ,San Francisco,CA,94111,US,37.791876,-122.398781,,Internal Strategy,False,amokrane@acme.com,2012-09-01,1991-03-07
Seth,Cowden,seth@acme.com,,"VP, Enterprise Products",(415) 234-23232,"1 Front Street, Suite 2700",San Francisco HQ,San Francisco,CA,94111,US,37.791876,-122.398781,,Vertical Experience,True,mmackinnon@acme.com,2008-05-11,1994-01-26
Fahad,Johnson,fahad@acme.com,,Sr. DevOps Engineer at Xoom Corporation,(415) 234-23232,"1 Front Street, Suite 2700",San Francisco HQ,San Francisco,CA,94111,US,37.791876,-122.398781,,Account Success,False,mmackinnon@acme.com,2014-10-15,1996-09-11
Prashant,green,prashant@acme.com,,Manager - FP&A,(415) 234-23232,"1 Front Street, Suite 2700",San Francisco HQ,San Francisco,CA,94111,US,37.791876,-122.398781,,Growth People,True,sanjeev@acme.com,2007-03-15,1987-09-02
Thomas,S.,thomas@acme.com,,Principal Software Engineer,(415) 234-23232,"1 Front Street, Suite 2700",San Francisco HQ,San Francisco,CA,94111,US,37.791876,-122.398781,,Insights Strategy,False,deepti@acme.com,2007-03-01,1994-09-20
Blaine,Hawthorn,blaine@acme.com,,Engineer by day. Engineer by night,(415) 234-23232,"1 Front Street, Suite 2700",San Francisco HQ,San Francisco,CA,94111,US,37.791876,-122.398781,,Client Accounting,False,aline@acme.com,2013-08-14,1981-02-03
Carter,sum,carter@acme.com,,Senior Software Engineer,(415) 234-23232,"1 Front Street, Suite 2700",San Francisco HQ,San Francisco,CA,94111,US,37.791876,-122.398781,,Client Saftey,False,bhunter@acme.com,2008-05-24,1971-01-08
Brian,Urban,brian@acme.com,,Senior Technical Program Manager,(415) 234-23232,"1 Front Street, Suite 2700",San Francisco HQ,San Francisco,CA,94111,US,37.791876,-122.398781,,Client Saftey,False,bhunter@acme.com,2010-10-11,1991-10-17
Erik,"Ko, kit.ko@lookout.com",erik@acme.com,,Director of FP&A,(415) 234-23232,"1 Front Street, Suite 2700",San Francisco HQ,San Francisco,CA,94111,US,37.791876,-122.398781,,Consumer Success,False,dazméh@acme.com,2007-07-02,1974-08-13
Dave,Parsons,dparsons@acme.com,,Senior Build and Release Engineer,(415) 234-23232,"1 Front Street, Suite 2700",San Francisco HQ,San Francisco,CA,94111,US,37.791876,-122.398781,,Vertical Happiness,False,jkimeria@acme.com,2010-02-24,1991-09-27
Danielle,LeMaster,danielle@acme.com,,VP of Technical Operations,(415) 234-23232,"1 Front Street, Suite 2700",San Francisco HQ,San Francisco,CA,94111,US,37.791876,-122.398781,,International Executives,False,shino@acme.com,2010-06-26,1997-05-17
Elizabeth,Kincade,elizabeth@acme.com,,Executive Assistant,(415) 234-23232,"1 Front Street, Suite 2700",San Francisco HQ,San Francisco,CA,94111,US,37.791876,-122.398781,,Vertical Human Resources,False,bill@acme.com,2014-03-09,1984-10-18
Anuj,Lim,anuj@acme.com,,Head of iOS Engineering,(415) 234-23232,"1 Front Street, Suite 2700",San Francisco HQ,San Francisco,CA,94111,US,37.791876,-122.398781,,Consumer Departments,True,jkuris@acme.com,2013-01-09,1995-04-18
Inna,B.,inna@acme.com,,Sr. Product Designer (Enterprise),(415) 234-23232,"1 Front Street, Suite 2700",San Francisco HQ,San Francisco,CA,94111,US,37.791876,-122.398781,,Growth Recruiting,False,firas@acme.com,2009-05-24,1971-08-16
Kimberly,Payne,kimberly@acme.com,,Engineering Manager,(415) 234-23232,"1 Front Street, Suite 2700",San Francisco HQ,San Francisco,CA,94111,US,37.791876,-122.398781,,Special Saftey,False,tmeder@acme.com,2014-03-09,1974-08-20
Tim,Gupta,tgupta@acme.com,,Product Manager,(415) 234-23232,"1 Front Street, Suite 2700",San Francisco HQ,San Francisco,CA,94111,US,37.791876,-122.398781,,Saftey People,False,nicholas@acme.com,2006-06-16,1972-07-11
Bryan,Farrakha,bryan@acme.com,,IT Specialist,(415) 234-23232,"1 Front Street, Suite 2700",San Francisco HQ,San Francisco,CA,94111,US,37.791876,-122.398781,,Consumer People,False,mandy@acme.com,2009-06-04,1970-06-07
Jesse,Carrero,jcarrero@acme.com,,Staff Software Engineer / Team Lead,(415) 234-23232,"1 Front Street, Suite 2700",San Francisco HQ,San Francisco,CA,94111,US,37.791876,-122.398781,,Internal Strategy,False,amokrane@acme.com,2010-07-17,1978-07-26
Sumit,Eisler,sumit@acme.com,,HP Operations,(415) 234-23232,"1 Front Street, Suite 2700",San Francisco HQ,San Francisco,CA,94111,US,37.791876,-122.398781,,Assitant Recruiting,False,whuynh@acme.com,2010-06-02,1992-08-24
Katie,Akutsu,katie@acme.com,,Financial Applications & Revenue Manager,(415) 234-23232,"1 Front Street, Suite 2700",San Francisco HQ,San Francisco,CA,94111,US,37.791876,-122.398781,,Enterprise Engineering,False,vishal@acme.com,2009-02-21,1998-04-01
Jeremy,Campbell,jcampbell@acme.com,,Patent Team,(415) 234-23232,"1 Front Street, Suite 2700",San Francisco HQ,San Francisco,CA,94111,US,37.791876,-122.398781,,Optimizing Engineering,False,rachel@acme.com,2006-05-14,1974-04-27
Kevin,Chung,kchung@acme.com,,at,(415) 234-23232,"1 Front Street, Suite 2700",San Francisco HQ,San Francisco,CA,94111,US,37.791876,-122.398781,,Consumer People,False,mandy@acme.com,2008-09-25,1989-11-09
Christophe,Stuhlsatz,christophe@acme.com,,Legal Counsel,(415) 234-23232,"1 Front Street, Suite 2700",San Francisco HQ,San Francisco,CA,94111,US,37.791876,-122.398781,,Client Saftey,False,bhunter@acme.com,2009-07-15,1983-07-04
Sivasankar,Lassoff,sivasankar@acme.com,,Core Systems Architect,(415) 234-23232,"1 Front Street, Suite 2700",San Francisco HQ,San Francisco,CA,94111,US,37.791876,-122.398781,,Insights Happiness,True,sanjeev@acme.com,2009-11-21,1994-05-26
John,Kim,jkim@acme.com,,"Manager, Infrastructure Security and CoreOps",(415) 234-23232,"1 Front Street, Suite 2700",San Francisco HQ,San Francisco,CA,94111,US,37.791876,-122.398781,,Vertical Engineering,False,tina@acme.com,2014-07-24,1999-10-15
Richa,Dolnick,richa@acme.com,,"Manager, Performance Marketing",(415) 234-23232,"1 Front Street, Suite 2700",San Francisco HQ,San Francisco,CA,94111,US,37.791876,-122.398781,,International Marketing,True,prachi@acme.com,2007-08-16,1970-10-14
David,G.,dg.@acme.com,,Technical Program Manager,(415) 234-23232,"1 Front Street, Suite 2700",San Francisco HQ,San Francisco,CA,94111,US,37.791876,-122.398781,,Optimizing Accounting,False,karthik@acme.com,2005-05-18,1995-11-19
Margie,Wyatt,margie@acme.com,,Senior Customer Marketing Manager,(415) 234-23232,"1 Front Street, Suite 2700",San Francisco HQ,San Francisco,CA,94111,US,37.791876,-122.398781,,Growth Experience,True,jkuris@acme.com,2008-03-03,1993-09-02
Alex,Winn,awinn@acme.com,,Data Team Lead,(415) 234-23232,"1 Front Street, Suite 2700",San Francisco HQ,San Francisco,CA,94111,US,37.791876,-122.398781,,Optimizing Engineering,False,rachel@acme.com,2012-06-22,1986-06-01
Michael,Murillo,mmurillo@acme.com,,Technology Sales Professional,(415) 234-23232,"1 Front Street, Suite 2700",San Francisco HQ,San Francisco,CA,94111,US,37.791876,-122.398781,,International Happiness,False,alan@acme.com,2013-09-06,1980-08-16
Mario,Jalota,mario@acme.com,,CEO,(415) 234-23232,"1 Front Street, Suite 2700",San Francisco HQ,San Francisco,CA,94111,US,37.791876,-122.398781,,Executive Office,True,,2013-08-06,1998-07-14
Steve,"Parvin, MBA",steve@acme.com,,Senior Software Engineer -,(415) 234-23232,"1 Front Street, Suite 2700",San Francisco HQ,San Francisco,CA,94111,US,37.791876,-122.398781,,Growth Saftey,False,rbui@acme.com,2013-11-04,1986-09-01
Francis,Hearne,fhearne@acme.com,,Senior Software Engineer,(415) 234-23232,"1 Front Street, Suite 2700",San Francisco HQ,San Francisco,CA,94111,US,37.791876,-122.398781,,Consumer Departments,False,anuj@acme.com,2006-04-18,1975-07-05
Kingston,Smith,kingston@acme.com,,Research and Response,(415) 234-23232,"1 Front Street, Suite 2700",San Francisco HQ,San Francisco,CA,94111,US,37.791876,-122.398781,,Enterprise Engineering,False,vishal@acme.com,2008-06-17,1991-05-20
Mark,Hernandez,mark@acme.com,,Senior Software Engineer,(415) 234-23232,"1 Front Street, Suite 2700",San Francisco HQ,San Francisco,CA,94111,US,37.791876,-122.398781,,Assitant People,False,minh-quan@acme.com,2014-05-01,1971-01-10
Priya,Train,priya@acme.com,,Senior Security Analyst,(415) 234-23232,"1 Front Street, Suite 2700",San Francisco HQ,San Francisco,CA,94111,US,37.791876,-122.398781,,Growth Support,False,pulu@acme.com,2005-10-15,1987-09-07
Aline,Almusharraf,aline@acme.com,,Sr. Quality Engineer,(415) 234-23232,"1 Front Street, Suite 2700",San Francisco HQ,San Francisco,CA,94111,US,37.791876,-122.398781,,Client Accounting,True,deepti@acme.com,2012-04-11,1984-06-07
Daniel,Yulo,daniel@acme.com,,Tech Support Specialist,(415) 234-23232,"1 Front Street, Suite 2700",San Francisco HQ,San Francisco,CA,94111,US,37.791876,-122.398781,,Optimizing Insights,False,phillip@acme.com,2007-11-26,1996-03-17
Stephen,Trame,stephen@acme.com,,Technical Support Specialist,(415) 234-23232,"1 Front Street, Suite 2700",San Francisco HQ,San Francisco,CA,94111,US,37.791876,-122.398781,,Saftey Support,True,bhunter@acme.com,2009-08-16,1989-02-14
Nick,Smith,nick@acme.com,,Data Analyst,(415) 234-23232,"1 Front Street, Suite 2700",San Francisco HQ,San Francisco,CA,94111,US,37.791876,-122.398781,,Optimizing Engineering,False,rachel@acme.com,2009-01-13,1993-10-25
Sam,Quiles,sam@acme.com,,Office Experience Administrator,(415) 234-23232,"1 Front Street, Suite 2700",San Francisco HQ,San Francisco,CA,94111,US,37.791876,-122.398781,,Growth People,False,prashant@acme.com,2013-11-14,1998-05-14
Ryan,Tredway,ryan@acme.com,,Customer Marketing Manager,(415) 234-23232,"1 Front Street, Suite 2700",San Francisco HQ,San Francisco,CA,94111,US,37.791876,-122.398781,,Saftey Saftey,False,raphael@acme.com,2010-05-01,1991-02-14
Ariel,Buck,ariel@acme.com,,"Sr. Manager, Partner Marketing",(415) 234-23232,"1 Front Street, Suite 2700",San Francisco HQ,San Francisco,CA,94111,US,37.791876,-122.398781,,Operations Communications,False,rkawai@acme.com,2014-02-03,1976-03-26
Linda,Kieskowski,linda@acme.com,,Production Engineer,(415) 234-23232,"1 Front Street, Suite 2700",San Francisco HQ,San Francisco,CA,94111,US,37.791876,-122.398781,,International Human Resources,True,prashant@acme.com,2007-01-27,1985-07-11
Michelle,Silver,michelle@acme.com,,Senior Systems Administrator,(415) 234-23232,"1 Front Street, Suite 2700",San Francisco HQ,San Francisco,CA,94111,US,37.791876,-122.398781,,Vertical Saftey,False,sanjeev@acme.com,2009-11-12,1997-08-24
brian,Linden,blinden@acme.com,,Channel Marketing Manager,(415) 234-23232,"1 Front Street, Suite 2700",San Francisco HQ,San Francisco,CA,94111,US,37.791876,-122.398781,,Vertical Engineering,False,tina@acme.com,2010-11-20,1986-10-26
Pawel,Robinson,pawel@acme.com,,support software engineer,(415) 234-23232,"1 Front Street, Suite 2700",San Francisco HQ,San Francisco,CA,94111,US,37.791876,-122.398781,,Saftey Support,False,stephen@acme.com,2013-09-03,1989-10-12
Mina,Abey,mina@acme.com,,Senior Business Development Manager,(415) 234-23232,"1 Front Street, Suite 2700",San Francisco HQ,San Francisco,CA,94111,US,37.791876,-122.398781,,Consumer People,False,mandy@acme.com,2006-10-01,1974-11-22
Tina,Regester,tina@acme.com,,Senior Quality Engineer,(415) 234-23232,"1 Front Street, Suite 2700",San Francisco HQ,San Francisco,CA,94111,US,37.791876,-122.398781,,Vertical Engineering,True,yvette@acme.com,2009-11-20,1995-04-23
John,Labarthe,jlabarthe@acme.com,,Senior Data Analyst,(415) 234-23232,"1 Front Street, Suite 2700",San Francisco HQ,San Francisco,CA,94111,US,37.791876,-122.398781,,Saftey Insights,False,jason@acme.com,2008-01-19,1986-11-08
Paul,Kay,paul@acme.com,,Marketing Data Analyst,(415) 234-23232,"1 Front Street, Suite 2700",San Francisco HQ,San Francisco,CA,94111,US,37.791876,-122.398781,,Saftey Saftey,False,raphael@acme.com,2013-05-14,1991-11-05
Zachary M.,Patterson,zachary@acme.com,,at,(415) 234-23232,"1 Front Street, Suite 2700",San Francisco HQ,San Francisco,CA,94111,US,37.791876,-122.398781,,Saftey Strategy,False,jkuris@acme.com,2010-08-05,1972-09-13
Nam,Serapio,nam@acme.com,,Senior Financial Analyst,(415) 234-23232,"1 Front Street, Suite 2700",San Francisco HQ,San Francisco,CA,94111,US,37.791876,-122.398781,,Account Success,False,mmackinnon@acme.com,2014-11-19,1993-04-02
Jonathan,O'Connell,jo'connell@acme.com,,Associate General Counsel & Senior Director,(415) 234-23232,"1 Front Street, Suite 2700",San Francisco HQ,San Francisco,CA,94111,US,37.791876,-122.398781,,Optimizing Design,False,ron@acme.com,2011-01-26,1982-04-01
David,Quan,dquan@acme.com,,Senior Software Engineer,(415) 234-23232,"1 Front Street, Suite 2700",San Francisco HQ,San Francisco,CA,94111,US,37.791876,-122.398781,,Saftey Saftey,False,raphael@acme.com,2005-01-15,1999-09-17
Firas,Smith,firas@acme.com,,Application Security Manager,(415) 234-23232,"1 Front Street, Suite 2700",San Francisco HQ,San Francisco,CA,94111,US,37.791876,-122.398781,,Growth Recruiting,True,minh-quan@acme.com,2011-05-19,1987-08-18
Elaine,Leonard,elaine@acme.com,,Sr. Software Engineer / Eng. Lead,(415) 234-23232,"1 Front Street, Suite 2700",San Francisco HQ,San Francisco,CA,94111,US,37.791876,-122.398781,,Client Accounting,False,aline@acme.com,2006-08-12,1995-04-19
Vikas,LaMantia,vikas@acme.com,,Software Engineer,(415) 234-23232,"1 Front Street, Suite 2700",San Francisco HQ,San Francisco,CA,94111,US,37.791876,-122.398781,,Insights Happiness,False,sivasankar@acme.com,2013-05-11,1970-07-05
Kelvin,Naidu D.J.,kelvin@acme.com,,Customer Marketing Intern,(415) 234-23232,"1 Front Street, Suite 2700",San Francisco HQ,San Francisco,CA,94111,US,37.791876,-122.398781,,Optimizing Insights,False,phillip@acme.com,2012-04-08,1999-11-04
Mabel Jane Isleta,Anau,mabel@acme.com,,Senior iOS Developer,(415) 234-23232,"1 Front Street, Suite 2700",San Francisco HQ,San Francisco,CA,94111,US,37.791876,-122.398781,,Optimizing Accounting,False,karthik@acme.com,2007-01-05,1971-10-17
Jasmin,Usi,jasmin@acme.com,,Communications Manager of Security,(415) 234-23232,"1 Front Street, Suite 2700",San Francisco HQ,San Francisco,CA,94111,US,37.791876,-122.398781,,Saftey Saftey,False,raphael@acme.com,2005-08-16,1975-11-19
Michael,Willhite,mwillhite@acme.com,,UX Researcher,(415) 234-23232,"1 Front Street, Suite 2700",San Francisco HQ,San Francisco,CA,94111,US,37.791876,-122.398781,,Engineering,False,maz@acme.com,2006-04-09,1988-10-09
Jeff,Daniels,jdaniels@acme.com,,Staff Accountant,(415) 234-23232,"1 Front Street, Suite 2700",San Francisco HQ,San Francisco,CA,94111,US,37.791876,-122.398781,,Saftey People,False,nicholas@acme.com,2010-05-05,1974-02-21
Stuart,Teoh,stuart@acme.com,,Data Scientist,(415) 234-23232,"1 Front Street, Suite 2700",San Francisco HQ,San Francisco,CA,94111,US,37.791876,-122.398781,,Account Design,True,stephen@acme.com,2013-05-18,1986-02-10
John,Volpi,jvolpi@acme.com,,Security Engineer,(415) 234-23232,"1 Front Street, Suite 2700",San Francisco HQ,San Francisco,CA,94111,US,37.791876,-122.398781,,International Human Resources,False,linda@acme.com,2005-11-12,1990-03-04
Samir,Ameli,samir@acme.com,,Principal Software Engineer/Engineering Lead,(415) 234-23232,"1 Front Street, Suite 2700",San Francisco HQ,San Francisco,CA,94111,US,37.791876,-122.398781,,International Human Resources,False,linda@acme.com,2005-10-03,1975-02-16
Cherie,Factora,cherie@acme.com,,Product Designer,(415) 234-23232,"1 Front Street, Suite 2700",San Francisco HQ,San Francisco,CA,94111,US,37.791876,-122.398781,,Insights Happiness,False,sivasankar@acme.com,2011-03-04,1994-04-18
David,Szomora,dszomora@acme.com,,Product Marketing Manager,(415) 234-23232,"1 Front Street, Suite 2700",San Francisco HQ,San Francisco,CA,94111,US,37.791876,-122.398781,,Internal Accounting,True,bill@acme.com,2010-09-19,1972-04-26
Tim,Meder,tmeder@acme.com,,Office Coordinator,(415) 234-23232,"1 Front Street, Suite 2700",San Francisco HQ,San Francisco,CA,94111,US,37.791876,-122.398781,,Special Saftey,True,stephen@acme.com,2007-08-18,1996-04-08
Benjamin,Baker,benjamin@acme.com,,Senior Quality Engineer,(415) 234-23232,"1 Front Street, Suite 2700",San Francisco HQ,San Francisco,CA,94111,US,37.791876,-122.398781,,Account Design,False,stuart@acme.com,2009-09-26,1984-09-13
Chris,Lian,clian@acme.com,,Technical Support,(415) 234-23232,"1 Front Street, Suite 2700",San Francisco HQ,San Francisco,CA,94111,US,37.791876,-122.398781,,International Marketing,False,richa@acme.com,2010-10-04,1990-10-18
Namhee,Gupte,namhee@acme.com,,Marketing Associate,(415) 234-23232,"1 Front Street, Suite 2700",San Francisco HQ,San Francisco,CA,94111,US,37.791876,-122.398781,,Consumer Human Resources,False,as.@acme.com,2014-07-22,1980-04-21
Stan,Dayal,stan@acme.com,,Talent Sourcer,(415) 234-23232,"1 Front Street, Suite 2700",San Francisco HQ,San Francisco,CA,94111,US,37.791876,-122.398781,,Consumer Engineering,False,clarisse@acme.com,2005-01-16,1993-07-02
Eric,Gatson (Vargas),egatson (vargas)@acme.com,,Senior Software Engineer,(415) 234-23232,"1 Front Street, Suite 2700",San Francisco HQ,San Francisco,CA,94111,US,37.791876,-122.398781,,Optimizing Design,False,ron@acme.com,2007-09-23,1978-07-04
Manuel,Ansanelli,mansanelli@acme.com,,Senior Software Engineer,(415) 234-23232,"1 Front Street, Suite 2700",San Francisco HQ,San Francisco,CA,94111,US,37.791876,-122.398781,,Optimizing Design,False,ron@acme.com,2012-08-18,1985-10-10
Kevin Patrick,Gladd,kgladd@acme.com,,Technical Sourcer,(415) 234-23232,"1 Front Street, Suite 2700",San Francisco HQ,San Francisco,CA,94111,US,37.791876,-122.398781,,Growth Experience,False,margie@acme.com,2008-09-24,1990-01-04
David,Hong,dhong@acme.com,,Channel Growth Manager,(415) 234-23232,"1 Front Street, Suite 2700",San Francisco HQ,San Francisco,CA,94111,US,37.791876,-122.398781,,Saftey People,False,nicholas@acme.com,2009-11-17,1995-04-27
Joseph,Stepler-Camp,joseph@acme.com,,Software Engineer,(415) 234-23232,"1 Front Street, Suite 2700",San Francisco HQ,San Francisco,CA,94111,US,37.791876,-122.398781,,Vertical Happiness,False,jkimeria@acme.com,2006-07-12,1973-09-27
Nat,Draper,nat@acme.com,,HR Program Manager,(415) 234-23232,"1 Front Street, Suite 2700",San Francisco HQ,San Francisco,CA,94111,US,37.791876,-122.398781,,Insights Strategy,False,deepti@acme.com,2008-11-06,1971-09-10
Paris Nicole,Casey,paris@acme.com,,Accounting Manager,(415) 234-23232,"1 Front Street, Suite 2700",San Francisco HQ,San Francisco,CA,94111,US,37.791876,-122.398781,,Saftey Insights,False,jason@acme.com,2006-07-12,1975-06-27
Sanjeev,Shpakova,sanjeev@acme.com,,Software Engineer,(415) 234-23232,"1 Front Street, Suite 2700",San Francisco HQ,San Francisco,CA,94111,US,37.791876,-122.398781,,Vertical Saftey,True,clarisse@acme.com,2013-04-15,1970-07-15
Rachel,O'Keefe,rachel@acme.com,,Communications Manager,(415) 234-23232,"1 Front Street, Suite 2700",San Francisco HQ,San Francisco,CA,94111,US,37.791876,-122.398781,,Optimizing Engineering,True,jamie@acme.com,2011-02-26,1974-11-15
Alex,Morrell,amorrell@acme.com,,Recruiting Coordinator,(415) 234-23232,"1 Front Street, Suite 2700",San Francisco HQ,San Francisco,CA,94111,US,37.791876,-122.398781,,Saftey Support,False,stephen@acme.com,2010-02-11,1990-02-14
Bryan,Das,bdas@acme.com,,Marketing Coordinator,(415) 234-23232,"1 Front Street, Suite 2700",San Francisco HQ,San Francisco,CA,94111,US,37.791876,-122.398781,,Saftey Insights,False,jason@acme.com,2012-07-11,1997-06-25
Catheria Isabel,Andrews,catheria@acme.com,,Senior Software Engineer,(415) 234-23232,"1 Front Street, Suite 2700",San Francisco HQ,San Francisco,CA,94111,US,37.791876,-122.398781,,Optimizing Accounting,False,karthik@acme.com,2009-03-24,1982-07-09
Heidi,Frances,heidi@acme.com,,Skilled administrative professional specialized in executive support in the startup environment,(415) 234-23232,"1 Front Street, Suite 2700",San Francisco HQ,San Francisco,CA,94111,US,37.791876,-122.398781,,Saftey Strategy,False,jkuris@acme.com,2013-02-05,1995-04-21
Clarisse,McCabe,clarisse@acme.com,,Contract Attorney at XOMA,(415) 234-23232,"1 Front Street, Suite 2700",San Francisco HQ,San Francisco,CA,94111,US,37.791876,-122.398781,,Consumer Engineering,True,maz@acme.com,2013-04-07,1999-10-15
Neta,Verbinnen,neta@acme.com,,Senior Security Analyst,(415) 234-23232,"1 Front Street, Suite 2700",San Francisco HQ,San Francisco,CA,94111,US,37.791876,-122.398781,,Saftey Insights,False,jason@acme.com,2014-01-21,1983-04-10
Brian,Hunter,bhunter@acme.com,,Security Engineer,(415) 234-23232,"1 Front Street, Suite 2700",San Francisco HQ,San Francisco,CA,94111,US,37.791876,-122.398781,,Client Saftey,True,jason@acme.com,2010-03-06,1972-10-23
Abhi,Jansen,abhi@acme.com,,Global Facilities & Office Experience,(415) 234-23232,"1 Front Street, Suite 2700",San Francisco HQ,San Francisco,CA,94111,US,37.791876,-122.398781,,Growth Experience,False,margie@acme.com,2014-03-07,1985-07-14
Samuel,Sphar,samuel@acme.com,,Talent Sourcer,(415) 234-23232,"1 Front Street, Suite 2700",San Francisco HQ,San Francisco,CA,94111,US,37.791876,-122.398781,,Vertical Saftey,False,sanjeev@acme.com,2012-05-22,1999-02-05
Sabrina,Cauchois,sabrina@acme.com,,Software QA Engineer,(415) 234-23232,"1 Front Street, Suite 2700",San Francisco HQ,San Francisco,CA,94111,US,37.791876,-122.398781,,Internal Accounting,False,dszomora@acme.com,2006-04-11,1989-03-03
Masahiro,Halliday,masahiro@acme.com,,Senior Security Engineer,(415) 234-23232,"1 Front Street, Suite 2700",San Francisco HQ,San Francisco,CA,94111,US,37.791876,-122.398781,,Consumer Saftey,False,dave@acme.com,2008-10-17,1975-10-19
Emily,Lee,emily@acme.com,,Developer,(415) 234-23232,"1 Front Street, Suite 2700",San Francisco HQ,San Francisco,CA,94111,US,37.791876,-122.398781,,Insights Strategy,False,deepti@acme.com,2008-09-04,1970-05-09
Sara,Nguyen,sara@acme.com,,Policy and Marketing Consultant,(415) 234-23232,"11951 Freedom Drive, 13th Floor Reston",Washington HQ,Reston,VA,20190,US,38.958392,-77.358979,,Account Design,False,stuart@acme.com,2007-08-07,1972-03-13
Janaya,Daswani,janaya@acme.com,,Senior Software Engineer,(415) 234-23232,"1 Front Street, Suite 2700",San Francisco HQ,San Francisco,CA,94111,US,37.791876,-122.398781,,Enterprise Engineering,False,vishal@acme.com,2014-06-01,1975-06-24
Sam,noble,snoble@acme.com,,Technical Support Lead,(415) 234-23232,"1 Front Street, Suite 2700",San Francisco HQ,San Francisco,CA,94111,US,37.791876,-122.398781,,Assitant Recruiting,False,whuynh@acme.com,2008-01-22,1978-09-17
Aaron,Sanders,aaron@acme.com,,Patent Engineer | Innovation Management | Inventing the Future One Idea At a Time,(415) 234-23232,"1 Front Street, Suite 2700",San Francisco HQ,San Francisco,CA,94111,US,37.791876,-122.398781,,International Executives,False,shino@acme.com,2005-02-13,1991-04-24
Michael,Nguyen,mnguyen@acme.com,,MD Europe,(415) 234-23232,"25 Soho Square, 6th floor",London HQ,London,W1D,3QR,UK,51.515117,-0.131357,,External Saftey,True,jeunee@acme.com,2006-10-22,1993-10-20
Patty,Brunn,patty@acme.com,,"International PR, Senior Manager",(415) 234-23232,"25 Soho Square, 6th floor",London HQ,London,W1D,3QR,UK,51.515117,-0.131357,,Optimizing Design,False,ron@acme.com,2011-06-27,1997-06-17
Brad,Helfer,brad@acme.com,,Senior Software Engineer chez,(415) 234-23232,"25 Soho Square, 6th floor",London HQ,London,W1D,3QR,UK,51.515117,-0.131357,,International People,False,jun@acme.com,2005-05-20,1992-11-10
Caleb,Mahaffey,caleb@acme.com,,Venture Advisor,(415) 234-23232,"11951 Freedom Drive, 13th Floor Reston",Washington HQ,Reston,VA,20190,US,38.958392,-77.358979,,Consumer Success,False,dazméh@acme.com,2010-04-16,1997-10-16
Chi-Chi,Bernal,chi-chi@acme.com,,Lead software engineer building distributed systems,(415) 234-23232,"11951 Freedom Drive, 13th Floor Reston",Washington HQ,Reston,VA,20190,US,38.958392,-77.358979,,External Saftey,False,mnguyen@acme.com,2012-05-11,1989-09-11
Marc,Keller,mkeller@acme.com,,Director of Technology,(415) 234-23232,"11951 Freedom Drive, 13th Floor Reston",Washington HQ,Reston,VA,20190,US,38.958392,-77.358979,,Consumer Success,False,dazméh@acme.com,2011-03-22,1985-02-20
Vitaly,Elwell,vitaly@acme.com,,Member of Technical Staff,(415) 234-23232,"11951 Freedom Drive, 13th Floor Reston",Washington HQ,Reston,VA,20190,US,38.958392,-77.358979,,Growth People,False,prashant@acme.com,2008-08-04,1981-11-02
Mike,MacKinnon,mmackinnon@acme.com,,Software Engineer,(415) 234-23232,"11951 Freedom Drive, 13th Floor Reston",Washington HQ,Reston,VA,20190,US,38.958392,-77.358979,,Account Success,True,jamie@acme.com,2007-07-16,1991-03-10
Ayal,Werminski,ayal@acme.com,,Senior Software Engineer,(415) 234-23232,"11951 Freedom Drive, 13th Floor Reston",Washington HQ,Reston,VA,20190,US,38.958392,-77.358979,,Insights Happiness,False,sivasankar@acme.com,2006-10-15,1996-01-03
Chiaki,Cheng,chiaki@acme.com,,Staff Software Engineer,(415) 234-23232,"11951 Freedom Drive, 13th Floor Reston",Washington HQ,Reston,VA,20190,US,38.958392,-77.358979,,External Accounting,False,meng@acme.com,2013-03-21,1998-10-04
Alison,Salomon,asalomon@acme.com,,Senior Network Engineer,(415) 234-23232,"1 Front Street, Suite 2700",San Francisco HQ,San Francisco,CA,94111,US,37.791876,-122.398781,,International Human Resources,False,linda@acme.com,2008-11-05,1988-04-11
Eva-Maria,Roy,eva-maria@acme.com,,Operations Lead,(415) 234-23232,"1 Front Street, Suite 2700",San Francisco HQ,San Francisco,CA,94111,US,37.791876,-122.398781,,International Happiness,False,alan@acme.com,2006-04-19,1970-04-15
Leslie,Scano,leslie@acme.com,,Enterprise Territory Account Manager,(415) 234-23232,"25 Soho Square, 6th floor",London HQ,London,W1D,3QR,UK,51.515117,-0.131357,,Optimizing Insights,False,phillip@acme.com,2013-10-24,1997-01-10
Annie,Tervahauta,annie@acme.com,,Head of Engineering,(415) 234-23232,"11951 Freedom Drive, 13th Floor Reston",Washington HQ,Reston,VA,20190,US,38.958392,-77.358979,,Insights Happiness,False,sivasankar@acme.com,2009-09-11,1980-05-18
Nathan,Sawyer,nsawyer@acme.com,,"Director, Systems Engineering",(415) 234-23232,"11951 Freedom Drive, 13th Floor Reston",Washington HQ,Reston,VA,20190,US,38.958392,-77.358979,,Enterprise Departments,False,emil@acme.com,2010-04-24,1975-02-21
Van,Yuen,van@acme.com,,Vice President Federal Systems,(415) 234-23232,"11951 Freedom Drive, 13th Floor Reston",Washington HQ,Reston,VA,20190,US,38.958392,-77.358979,,Enterprise Departments,False,emil@acme.com,2010-11-03,1992-10-22
Heather,Moran,heather@acme.com,,Federal Channel Account Manager,(415) 234-23232,"11951 Freedom Drive, 13th Floor Reston",Washington HQ,Reston,VA,20190,US,38.958392,-77.358979,,Insights Saftey,False,jamie@acme.com,2006-11-03,1987-07-08
Amokrane,Liang,amokrane@acme.com,,"Entrepreneur, Hacker, TechStars alumn, and Mobile Device Management guru",(415) 234-23232,"11951 Freedom Drive, 13th Floor Reston",Washington HQ,Reston,VA,20190,US,38.958392,-77.358979,,Internal Strategy,True,mandy@acme.com,2005-04-10,1976-10-24
Raj,Gill,raj@acme.com,,"""Attitude is everything.""",(415) 234-23232,"25 Soho Square, 6th floor",London HQ,London,W1D,3QR,UK,51.515117,-0.131357,,Optimizing Design,False,ron@acme.com,2011-05-11,1984-02-04
Alexandra,S.,alexandra@acme.com,,Territory Account Manager,(415) 234-23232,"11951 Freedom Drive, 13th Floor Reston",Washington HQ,Reston,VA,20190,US,38.958392,-77.358979,,Enterprise Human Resources,False,carolyn@acme.com,2005-09-08,1989-11-17
Phillip,Woolery,phillip@acme.com,,Regional Manager,(415) 234-23232,"11951 Freedom Drive, 13th Floor Reston",Washington HQ,Reston,VA,20190,US,38.958392,-77.358979,,Optimizing Insights,True,pulu@acme.com,2014-08-13,1977-06-08
Alex,S.,as.@acme.com,,Senior Technical Recruiter,(415) 234-23232,"11951 Freedom Drive, 13th Floor Reston",Washington HQ,Reston,VA,20190,US,38.958392,-77.358979,,Consumer Human Resources,True,whuynh@acme.com,2009-10-11,1989-05-03
Justin,Vista,justin@acme.com,,Office Manager,(415) 234-23232,"11951 Freedom Drive, 13th Floor Reston",Washington HQ,Reston,VA,20190,US,38.958392,-77.358979,,Assitant Recruiting,False,whuynh@acme.com,2013-06-19,1994-08-27
Ernie,Kingsley,ernie@acme.com,,Field Marketing Manager,(415) 234-23232,"1 Front Street, Suite 2700",San Francisco HQ,San Francisco,CA,94111,US,37.791876,-122.398781,,Insights Happiness,False,sivasankar@acme.com,2007-04-08,1995-01-07
Michael,Brock,mbrock@acme.com,,Field Marketing Manager,(415) 234-23232,"1 Front Street, Suite 2700",San Francisco HQ,San Francisco,CA,94111,US,37.791876,-122.398781,,Growth Support,False,pulu@acme.com,2011-08-22,1973-04-12
Adriel,Mole,adriel@acme.com,,Field Marketing Representative for Atlanta,(415) 234-23232,"11951 Freedom Drive, 13th Floor Reston",Washington HQ,Reston,VA,20190,US,38.958392,-77.358979,,International Marketing,False,richa@acme.com,2005-10-11,1975-11-13
Erwin,O'Rourke,erwin@acme.com,,Federal Systems Engineering Director,(415) 234-23232,"11951 Freedom Drive, 13th Floor Reston",Washington HQ,Reston,VA,20190,US,38.958392,-77.358979,,Vertical Experience,False,seth@acme.com,2012-01-11,1997-01-03
Dawn,Campbell,dawn@acme.com,,Forward Deployed Engineer,(415) 234-23232,"25 Soho Square, 6th floor",London HQ,London,W1D,3QR,UK,51.515117,-0.131357,,Growth Support,False,pulu@acme.com,2006-11-10,1970-03-04
Ahmed,Chow,ahmed@acme.com,,"Director, Federal Systems",(415) 234-23232,"11951 Freedom Drive, 13th Floor Reston",Washington HQ,Reston,VA,20190,US,38.958392,-77.358979,,Growth Recruiting,False,firas@acme.com,2009-06-07,1971-05-08
Harish,Roper,harish@acme.com,,Staff Engineer - Research and Response,(415) 234-23232,"1 Front Street, Suite 2700",San Francisco HQ,San Francisco,CA,94111,US,37.791876,-122.398781,,Special Saftey,False,tmeder@acme.com,2010-04-17,1988-08-11
Jennifer,Yan,jennifer@acme.com,,Marketing Manager EMEA,(415) 234-23232,"25 Soho Square, 6th floor",London HQ,London,W1D,3QR,UK,51.515117,-0.131357,,Consumer Human Resources,False,as.@acme.com,2007-03-02,1991-05-06
Toan,Barakzai,toan@acme.com,,Staff Engineer - Research and Response,(415) 234-23232,"25 Soho Square, 6th floor",London HQ,London,W1D,3QR,UK,51.515117,-0.131357,,Internal Sales,False,prachi@acme.com,2014-10-17,1996-04-23
Renaud,Vogeley,renaud@acme.com,,"Security Researcher, Cypherpunk",(415) 234-23232,"25 Soho Square, 6th floor",London HQ,London,W1D,3QR,UK,51.515117,-0.131357,,Enterprise Departments,False,emil@acme.com,2005-06-19,1976-06-11
Ryan,Kawai,rkawai@acme.com,,EMEA Partner Director,(415) 234-23232,"25 Soho Square, 6th floor",London HQ,London,W1D,3QR,UK,51.515117,-0.131357,,Operations Communications,True,jkimeria@acme.com,2005-02-18,1971-11-21
Jeff,Verma,jverma@acme.com,,Director of Business Development,(415) 234-23232,"25 Soho Square, 6th floor",London HQ,London,W1D,3QR,UK,51.515117,-0.131357,,External Saftey,False,mnguyen@acme.com,2014-02-02,1990-05-27
Morgan,Vrana,morgan@acme.com,,Senior Quality Engineer,(415) 234-23232,"25 Soho Square, 6th floor",London HQ,London,W1D,3QR,UK,51.515117,-0.131357,,Assitant People,False,minh-quan@acme.com,2009-08-09,1979-03-24
Yen Yen,Palmie,yen@acme.com,,Vice President Asia Pacific,(415) 234-23232,"25 Soho Square, 6th floor",London HQ,London,W1D,3QR,UK,51.515117,-0.131357,,Internal Sales,False,prachi@acme.com,2010-09-09,1976-01-10
Eric Gwangseung,Lee,elee@acme.com,,Technical Account Manager,(415) 234-23232,"25 Soho Square, 6th floor",London HQ,London,W1D,3QR,UK,51.515117,-0.131357,,Consumer Departments,False,anuj@acme.com,2007-01-27,1974-10-04
Dan,Anderson,dan@acme.com,,Partner Marketing Manager for Europe,(415) 234-23232,"25 Soho Square, 6th floor",London HQ,London,W1D,3QR,UK,51.515117,-0.131357,,Vertical Experience,False,seth@acme.com,2005-10-08,1970-04-16
Jeunee,Gamble,jeunee@acme.com,,Sales Director - Australia & New Zealand,(415) 234-23232,"25 Soho Square, 6th floor",London HQ,London,W1D,3QR,UK,51.515117,-0.131357,,External Executives,True,maz@acme.com,2012-09-15,1970-08-07
David,Denton,ddenton@acme.com,,EMEA Enterprise Field Marketing Manager,(415) 234-23232,"25 Soho Square, 6th floor",London HQ,London,W1D,3QR,UK,51.515117,-0.131357,,Special Saftey,False,tmeder@acme.com,2010-11-17,1997-03-22
Jeff,Kimeria,jkimeria@acme.com,,Head of Channel Marketing EMEA,(415) 234-23232,"25 Soho Square, 6th floor",London HQ,London,W1D,3QR,UK,51.515117,-0.131357,,Vertical Happiness,True,clarisse@acme.com,2014-07-03,1988-07-14
Thomas,Hamou,thamou@acme.com,,Senior Software Engineer,(415) 234-23232,"25 Soho Square, 6th floor",London HQ,London,W1D,3QR,UK,51.515117,-0.131357,,Assitant People,False,minh-quan@acme.com,2005-06-21,1988-09-04
Gabriel,Buisson,gabriel@acme.com,,APAC Enterprise Marketing,(415) 234-23232,"25 Soho Square, 6th floor",London HQ,London,W1D,3QR,UK,51.515117,-0.131357,,International Marketing,False,richa@acme.com,2009-10-17,1985-07-09
Dwayne,Nagashima,dwayne@acme.com,,Support,(415) 234-23232,"25 Soho Square, 6th floor",London HQ,London,W1D,3QR,UK,51.515117,-0.131357,,Internal Sales,False,prachi@acme.com,2009-08-11,1990-09-05
Jun,Yerra,jun@acme.com,,Software Engineer,(415) 234-23232,"25 Soho Square, 6th floor",London HQ,London,W1D,3QR,UK,51.515117,-0.131357,,International People,True,prashant@acme.com,2011-03-07,1979-04-23
Juliet,Ligas,juliet@acme.com,,Senior Site Reliability Engineer,(415) 234-23232,"1 Front Street, Suite 2700",San Francisco HQ,San Francisco,CA,94111,US,37.791876,-122.398781,,Vertical Experience,False,seth@acme.com,2013-02-13,1997-05-07
Richard,Middlemass,richard@acme.com,,Security  Software Engineering -- Coop,(415) 234-23232,"1 Front Street, Suite 2700",San Francisco HQ,San Francisco,CA,94111,US,37.791876,-122.398781,,External Accounting,False,meng@acme.com,2014-06-04,1984-09-08
Yash,Gortarez,yash@acme.com,,Senior Software Engineer,(415) 234-23232,"25 Soho Square, 6th floor",London HQ,London,W1D,3QR,UK,51.515117,-0.131357,,Internal Accounting,False,dszomora@acme.com,2009-07-20,1970-07-18
Niraj,Dowling,niraj@acme.com,,Engineering Intern (Core Services),(415) 234-23232,"1 Front Street, Suite 2700",San Francisco HQ,San Francisco,CA,94111,US,37.791876,-122.398781,,Vertical Saftey,False,sanjeev@acme.com,2014-09-23,1978-02-18
Olga,Bavey,olga@acme.com,,Director Business Development,(415) 234-23232,"25 Soho Square, 6th floor",London HQ,London,W1D,3QR,UK,51.515117,-0.131357,,Consumer Saftey,False,dave@acme.com,2010-04-06,1984-05-13
Irene,Walls,irene@acme.com,,QE Automation Intern,(415) 234-23232,"25 Soho Square, 6th floor",London HQ,London,W1D,3QR,UK,51.515117,-0.131357,,International Human Resources,False,linda@acme.com,2008-01-08,1986-09-05
Hank,Miller,hank@acme.com,,iOS Developer Intern,(415) 234-23232,"1 Front Street, Suite 2700",San Francisco HQ,San Francisco,CA,94111,US,37.791876,-122.398781,,People Insights,False,yvette@acme.com,2005-06-17,1996-08-13
Bill,Cockerill,bill@acme.com,,"Venture Capital @Deutsche Telekom Mentor: Seedcamp Board: MyTaxi, flaregames, NumberFour, Gini",(415) 234-23232,"1 Front Street, Suite 2700",San Francisco HQ,San Francisco,CA,94111,US,37.791876,-122.398781,,Vertical Human Resources,True,dave@acme.com,2013-09-22,1977-01-26
Daemon,Hardy,daemon@acme.com,,Software Engineering Intern,(415) 234-23232,"1 Front Street, Suite 2700",San Francisco HQ,San Francisco,CA,94111,US,37.791876,-122.398781,,International People,False,jun@acme.com,2012-09-16,1973-09-09
David,Bauman,dbauman@acme.com,,Sr Marketing Manager,(415) 234-23232,"25 Soho Square, 6th floor",London HQ,London,W1D,3QR,UK,51.515117,-0.131357,,Growth Recruiting,False,firas@acme.com,2014-05-01,1999-02-13
Timothy,Biasini,timothy@acme.com,,"Manager, Engineering Talent Scout",(415) 234-23232,"1 Front Street, Suite 2700",San Francisco HQ,San Francisco,CA,94111,US,37.791876,-122.398781,,Enterprise Human Resources,False,carolyn@acme.com,2005-02-04,1975-09-01
Larry,Lares,larry@acme.com,,Lead Talent Scout,(415) 234-23232,"1 Front Street, Suite 2700",San Francisco HQ,San Francisco,CA,94111,US,37.791876,-122.398781,,Saftey Support,False,stephen@acme.com,2012-08-21,1995-06-10
